step,episode,step_in_ep,s_row,s_col,q_up_before,q_down_before,q_left_before,q_right_before,greedy_action,exploration,action,reward,sp_row,sp_col,bumped,max_q_next,target,td_error,q_old,q_new,done
664,41,2,0,1,-0.3401,-0.3183,-0.3520,0.9214,right,0,right,-0.1000,0,2,0,2.5673,2.3390,1.4176,0.9214,1.3466,0
665,41,3,0,2,0.1539,2.5673,-0.1345,-0.2549,down,1,up,-0.1000,0,2,1,2.5673,2.3390,2.1850,0.1539,0.8095,0
666,41,4,0,2,0.8095,2.5673,-0.1345,-0.2549,down,0,down,-0.1000,1,2,0,4.9582,4.6103,2.0430,2.5673,3.1802,0
667,41,5,1,2,-0.2035,4.9582,-0.1656,-5.1000,down,1,right,-10.0000,1,3,0,0.0000,-10.0000,-4.9000,-5.1000,-6.5700,1
668,42,1,0,0,-0.4123,-0.3793,-0.4037,0.1966,right,1,left,-0.1000,0,0,1,0.1966,0.0868,0.4905,-0.4037,-0.2566,0
669,42,2,0,0,-0.4123,-0.3793,-0.2566,0.1966,right,0,right,-0.1000,0,1,0,1.3466,1.1793,0.9827,0.1966,0.4914,0
670,42,3,0,1,-0.3401,-0.3183,-0.3520,1.3466,right,1,down,-0.1000,0,1,1,1.3466,1.1793,1.4976,-0.3183,0.1310,0
671,42,4,0,1,-0.3401,0.1310,-0.3520,1.3466,right,0,right,-0.1000,0,2,0,3.1802,2.9212,1.5746,1.3466,1.8190,0
672,42,5,0,2,0.8095,3.1802,-0.1345,-0.2549,down,0,down,-0.1000,1,2,0,4.9582,4.6103,1.4301,3.1802,3.6092,0
673,42,6,1,2,-0.2035,4.9582,-0.1656,-6.5700,down,0,down,-0.1000,2,2,0,7.2698,6.8063,1.8481,4.9582,5.5126,0
674,42,7,2,2,0.3337,7.2698,0.4130,3.8223,down,0,down,-0.1000,3,2,0,8.3045,7.7893,0.5195,7.2698,7.4257,0
675,42,8,3,2,1.9111,-0.0595,-5.1000,8.3045,right,1,up,-0.1000,2,2,0,7.4257,6.9544,5.0433,1.9111,3.4241,0
676,42,9,2,2,0.3337,7.4257,0.4130,3.8223,down,0,down,-0.1000,3,2,0,8.3045,7.7893,0.3637,7.4257,7.5348,0
677,42,10,3,2,3.4241,-0.0595,-5.1000,8.3045,right,1,up,-0.1000,2,2,0,7.5348,7.0580,3.6340,3.4241,4.5142,0
678,42,11,2,2,0.3337,7.5348,0.4130,3.8223,down,0,down,-0.1000,3,2,0,8.3045,7.7893,0.2546,7.5348,7.6111,0
679,42,12,3,2,4.5142,-0.0595,-5.1000,8.3045,right,1,down,-0.1000,4,2,0,1.9863,1.7870,1.8465,-0.0595,0.4944,0
680,42,13,4,2,0.1137,-0.0595,-0.0715,1.9863,right,1,up,-0.1000,3,2,0,8.3045,7.7893,7.6756,0.1137,2.4164,0
681,42,14,3,2,4.5142,0.4944,-5.1000,8.3045,right,0,right,-0.1000,3,3,0,9.2773,8.7134,0.4089,8.3045,8.4272,0
682,42,15,3,3,4.5150,0.0000,1.8310,9.2773,right,1,left,-0.1000,3,2,0,8.4272,7.9058,6.0748,1.8310,3.6535,0
683,42,16,3,2,4.5142,0.4944,-5.1000,8.4272,right,0,right,-0.1000,3,3,0,9.2773,8.7134,0.2862,8.4272,8.5131,0
684,42,17,3,3,4.5150,0.0000,3.6535,9.2773,right,0,right,-0.1000,3,4,0,9.9837,9.3845,0.1072,9.2773,9.3095,0
685,42,18,3,4,0.4681,9.9837,3.7600,5.6667,down,0,down,10.0000,4,4,0,0.0000,10.0000,0.0163,9.9837,9.9886,1
686,43,1,0,0,-0.4123,-0.3793,-0.2566,0.4914,right,0,right,-0.1000,0,1,0,1.8190,1.6281,1.1366,0.4914,0.8324,0
687,43,2,0,1,-0.3401,0.1310,-0.3520,1.8190,right,1,right,-0.1000,0,2,0,3.6092,3.3288,1.5098,1.8190,2.2719,0
688,43,3,0,2,0.8095,3.6092,-0.1345,-0.2549,down,0,down,-0.1000,1,2,0,5.5126,5.1370,1.5278,3.6092,4.0676,0
689,43,4,1,2,-0.2035,5.5126,-0.1656,-6.5700,down,0,down,-0.1000,2,2,0,7.6111,7.1306,1.6179,5.5126,5.9980,0
690,43,5,2,2,0.3337,7.6111,0.4130,3.8223,down,0,down,-0.1000,3,2,0,8.5131,7.9874,0.3763,7.6111,7.7240,0
691,43,6,3,2,4.5142,0.4944,-5.1000,8.5131,right,0,right,-0.1000,3,3,0,9.3095,8.7440,0.2309,8.5131,8.5823,0
692,43,7,3,3,4.5150,0.0000,3.6535,9.3095,right,0,right,-0.1000,3,4,0,9.9886,9.3892,0.0797,9.3095,9.3334,0
693,43,8,3,4,0.4681,9.9886,3.7600,5.6667,down,0,down,10.0000,4,4,0,0.0000,10.0000,0.0114,9.9886,9.9920,1
694,44,1,0,0,-0.4123,-0.3793,-0.2566,0.8324,right,1,down,-0.1000,1,0,0,-0.2828,-0.3687,0.0107,-0.3793,-0.3761,0
695,44,2,1,0,-0.3291,-0.2828,-0.3325,-0.3201,down,0,down,-0.1000,2,0,0,0.1823,0.0732,0.3560,-0.2828,-0.1760,0
696,44,3,2,0,-0.2706,-0.2530,-0.2544,0.1823,right,1,up,-0.1000,1,0,0,-0.1760,-0.2672,0.0034,-0.2706,-0.2696,0
697,44,4,1,0,-0.3291,-0.1760,-0.3325,-0.3201,down,0,down,-0.1000,2,0,0,0.1823,0.0732,0.2492,-0.1760,-0.1012,0
698,44,5,2,0,-0.2696,-0.2530,-0.2544,0.1823,right,1,left,-0.1000,2,0,1,0.1823,0.0732,0.3276,-0.2544,-0.1561,0
699,44,6,2,0,-0.2696,-0.2530,-0.1561,0.1823,right,0,right,-0.1000,2,1,0,3.2914,3.0268,2.8445,0.1823,1.0357,0
700,44,7,2,1,-0.2008,-8.3193,-0.1771,3.2914,right,0,right,-0.1000,2,2,0,7.7240,7.2378,3.9464,3.2914,4.4753,0
701,44,8,2,2,0.3337,7.7240,0.4130,3.8223,down,0,down,-0.1000,3,2,0,8.5823,8.0532,0.3292,7.7240,7.8228,0
702,44,9,3,2,4.5142,0.4944,-5.1000,8.5823,right,1,right,-0.1000,3,3,0,9.3334,8.7667,0.1844,8.5823,8.6377,0
703,44,10,3,3,4.5150,0.0000,3.6535,9.3334,right,1,left,-0.1000,3,2,0,8.6377,8.1058,4.4523,3.6535,4.9892,0
704,44,11,3,2,4.5142,0.4944,-5.1000,8.6377,right,0,right,-0.1000,3,3,0,9.3334,8.7667,0.1290,8.6377,8.6764,0
705,44,12,3,3,4.5150,0.0000,4.9892,9.3334,right,0,right,-0.1000,3,4,0,9.9920,9.3924,0.0590,9.3334,9.3511,0
706,44,13,3,4,0.4681,9.9920,3.7600,5.6667,down,0,down,10.0000,4,4,0,0.0000,10.0000,0.0080,9.9920,9.9944,1
707,45,1,0,0,-0.4123,-0.3761,-0.2566,0.8324,right,0,right,-0.1000,0,1,0,2.2719,2.0583,1.2259,0.8324,1.2002,0
708,45,2,0,1,-0.3401,0.1310,-0.3520,2.2719,right,0,right,-0.1000,0,2,0,4.0676,3.7642,1.4923,2.2719,2.7196,0
709,45,3,0,2,0.8095,4.0676,-0.1345,-0.2549,down,0,down,-0.1000,1,2,0,5.9980,5.5981,1.5305,4.0676,4.5267,0
710,45,4,1,2,-0.2035,5.9980,-0.1656,-6.5700,down,0,down,-0.1000,2,2,0,7.8228,7.3316,1.3336,5.9980,6.3981,0
711,45,5,2,2,0.3337,7.8228,0.4130,3.8223,down,1,right,-0.1000,2,2,1,7.8228,7.3316,3.5093,3.8223,4.8751,0
712,45,6,2,2,0.3337,7.8228,0.4130,4.8751,down,0,down,-0.1000,3,2,0,8.6764,8.1426,0.3198,7.8228,7.9187,0
713,45,7,3,2,4.5142,0.4944,-5.1000,8.6764,right,1,left,-10.0000,3,1,0,0.0000,-10.0000,-4.9000,-5.1000,-6.5700,1
714,46,1,0,0,-0.4123,-0.3761,-0.2566,1.2002,right,0,right,-0.1000,0,1,0,2.7196,2.4836,1.2834,1.2002,1.5852,0
715,46,2,0,1,-0.3401,0.1310,-0.3520,2.7196,right,0,right,-0.1000,0,2,0,4.5267,4.2004,1.4808,2.7196,3.1638,0
716,46,3,0,2,0.8095,4.5267,-0.1345,-0.2549,down,1,down,-0.1000,1,2,0,6.3981,5.9782,1.4515,4.5267,4.9622,0
717,46,4,1,2,-0.2035,6.3981,-0.1656,-6.5700,down,1,left,-0.1000,1,2,1,6.3981,5.9782,6.1438,-0.1656,1.6775,0
718,46,5,1,2,-0.2035,6.3981,1.6775,-6.5700,down,0,down,-0.1000,2,2,0,7.9187,7.4228,1.0247,6.3981,6.7055,0
719,46,6,2,2,0.3337,7.9187,0.4130,4.8751,down,0,down,-0.1000,3,2,0,8.6764,8.1426,0.2238,7.9187,7.9859,0
720,46,7,3,2,4.5142,0.4944,-6.5700,8.6764,right,0,right,-0.1000,3,3,0,9.3511,8.7835,0.1072,8.6764,8.7085,0
721,46,8,3,3,4.5150,0.0000,4.9892,9.3511,right,1,up,-0.1000,3,3,1,9.3511,8.7835,4.2686,4.5150,5.7955,0
722,46,9,3,3,5.7955,0.0000,4.9892,9.3511,right,0,right,-0.1000,3,4,0,9.9944,9.3947,0.0436,9.3511,9.3642,0
723,46,10,3,4,0.4681,9.9944,3.7600,5.6667,down,0,down,10.0000,4,4,0,0.0000,10.0000,0.0056,9.9944,9.9961,1
724,47,1,0,0,-0.4123,-0.3761,-0.2566,1.5852,right,0,right,-0.1000,0,1,0,3.1638,2.9057,1.3204,1.5852,1.9814,0
725,47,2,0,1,-0.3401,0.1310,-0.3520,3.1638,right,0,right,-0.1000,0,2,0,4.9622,4.6141,1.4502,3.1638,3.5989,0
726,47,3,0,2,0.8095,4.9622,-0.1345,-0.2549,down,0,down,-0.1000,1,2,0,6.7055,6.2702,1.3081,4.9622,5.3546,0
727,47,4,1,2,-0.2035,6.7055,1.6775,-6.5700,down,0,down,-0.1000,2,2,0,7.9859,7.4866,0.7811,6.7055,6.9398,0
728,47,5,2,2,0.3337,7.9859,0.4130,4.8751,down,1,up,-0.1000,1,2,0,6.9398,6.4928,6.1591,0.3337,2.1814,0
729,47,6,1,2,-0.2035,6.9398,1.6775,-6.5700,down,1,up,-0.1000,0,2,0,5.3546,4.9869,5.1904,-0.2035,1.3536,0
730,47,7,0,2,0.8095,5.3546,-0.1345,-0.2549,down,0,down,-0.1000,1,2,0,6.9398,6.4928,1.1382,5.3546,5.6961,0
731,47,8,1,2,1.3536,6.9398,1.6775,-6.5700,down,1,right,-10.0000,1,3,0,0.0000,-10.0000,-3.4300,-6.5700,-7.5990,1
732,48,1,0,0,-0.4123,-0.3761,-0.2566,1.9814,right,0,right,-0.1000,0,1,0,3.5989,3.3190,1.3376,1.9814,2.3826,0
733,48,2,0,1,-0.3401,0.1310,-0.3520,3.5989,right,0,right,-0.1000,0,2,0,5.6961,5.3113,1.7123,3.5989,4.1126,0
734,48,3,0,2,0.8095,5.6961,-0.1345,-0.2549,down,0,down,-0.1000,1,2,0,6.9398,6.4928,0.7968,5.6961,5.9351,0
735,48,4,1,2,1.3536,6.9398,1.6775,-7.5990,down,1,up,-0.1000,0,2,0,5.9351,5.5383,4.1847,1.3536,2.6090,0
736,48,5,0,2,0.8095,5.9351,-0.1345,-0.2549,down,0,down,-0.1000,1,2,0,6.9398,6.4928,0.5577,5.9351,6.1024,0
737,48,6,1,2,2.6090,6.9398,1.6775,-7.5990,down,0,down,-0.1000,2,2,0,7.9859,7.4866,0.5467,6.9398,7.1038,0
738,48,7,2,2,2.1814,7.9859,0.4130,4.8751,down,0,down,-0.1000,3,2,0,8.7085,8.1731,0.1872,7.9859,8.0420,0
739,48,8,3,2,4.5142,0.4944,-6.5700,8.7085,right,0,right,-0.1000,3,3,0,9.3642,8.7960,0.0874,8.7085,8.7348,0
740,48,9,3,3,5.7955,0.0000,4.9892,9.3642,right,0,right,-0.1000,3,4,0,9.9961,9.3963,0.0321,9.3642,9.3738,0
741,48,10,3,4,0.4681,9.9961,3.7600,5.6667,down,0,down,10.0000,4,4,0,0.0000,10.0000,0.0039,9.9961,9.9973,1
742,49,1,0,0,-0.4123,-0.3761,-0.2566,2.3826,right,0,right,-0.1000,0,1,0,4.1126,3.8070,1.4244,2.3826,2.8099,0
743,49,2,0,1,-0.3401,0.1310,-0.3520,4.1126,right,0,right,-0.1000,0,2,0,6.1024,5.6973,1.5847,4.1126,4.5880,0
744,49,3,0,2,0.8095,6.1024,-0.1345,-0.2549,down,0,down,-0.1000,1,2,0,7.1038,6.6487,0.5462,6.1024,6.2663,0
745,49,4,1,2,2.6090,7.1038,1.6775,-7.5990,down,1,down,-0.1000,2,2,0,8.0420,7.5399,0.4361,7.1038,7.2347,0
746,49,5,2,2,2.1814,8.0420,0.4130,4.8751,down,0,down,-0.1000,3,2,0,8.7348,8.1980,0.1560,8.0420,8.0888,0
747,49,6,3,2,4.5142,0.4944,-6.5700,8.7348,right,1,up,-0.1000,2,2,0,8.0888,7.5844,3.0701,4.5142,5.4353,0
748,49,7,2,2,2.1814,8.0888,0.4130,4.8751,down,0,down,-0.1000,3,2,0,8.7348,8.1980,0.1092,8.0888,8.1216,0
749,49,8,3,2,5.4353,0.4944,-6.5700,8.7348,right,0,right,-0.1000,3,3,0,9.3738,8.8051,0.0704,8.7348,8.7559,0
750,49,9,3,3,5.7955,0.0000,4.9892,9.3738,right,1,right,-0.1000,3,4,0,9.9973,9.3974,0.0236,9.3738,9.3809,0
751,49,10,3,4,0.4681,9.9973,3.7600,5.6667,down,0,down,10.0000,4,4,0,0.0000,10.0000,0.0027,9.9973,9.9981,1
752,50,1,0,0,-0.4123,-0.3761,-0.2566,2.8099,right,1,right,-0.1000,0,1,0,4.5880,4.2586,1.4487,2.8099,3.2445,0
753,50,2,0,1,-0.3401,0.1310,-0.3520,4.5880,right,0,right,-0.1000,0,2,0,6.2663,5.8530,1.2650,4.5880,4.9675,0
754,50,3,0,2,0.8095,6.2663,-0.1345,-0.2549,down,0,down,-0.1000,1,2,0,7.2347,6.7729,0.5067,6.2663,6.4183,0
755,50,4,1,2,2.6090,7.2347,1.6775,-7.5990,down,0,down,-0.1000,2,2,0,8.1216,7.6155,0.3808,7.2347,7.3489,0
756,50,5,2,2,2.1814,8.1216,0.4130,4.8751,down,0,down,-0.1000,3,2,0,8.7559,8.2181,0.0965,8.1216,8.1505,0
757,50,6,3,2,5.4353,0.4944,-6.5700,8.7559,right,0,right,-0.1000,3,3,0,9.3809,8.8118,0.0560,8.7559,8.7727,0
758,50,7,3,3,5.7955,0.0000,4.9892,9.3809,right,1,right,-0.1000,3,4,0,9.9981,9.3982,0.0173,9.3809,9.3861,0
759,50,8,3,4,0.4681,9.9981,3.7600,5.6667,down,0,down,10.0000,4,4,0,0.0000,10.0000,0.0019,9.9981,9.9987,1
760,51,1,0,0,-0.4123,-0.3761,-0.2566,3.2445,right,0,right,-0.1000,0,1,0,4.9675,4.6191,1.3746,3.2445,3.6569,0
761,51,2,0,1,-0.3401,0.1310,-0.3520,4.9675,right,0,right,-0.1000,0,2,0,6.4183,5.9974,1.0299,4.9675,5.2765,0
762,51,3,0,2,0.8095,6.4183,-0.1345,-0.2549,down,1,down,-0.1000,1,2,0,7.3489,6.8815,0.4632,6.4183,6.5572,0
763,51,4,1,2,2.6090,7.3489,1.6775,-7.5990,down,0,down,-0.1000,2,2,0,8.1505,7.6430,0.2941,7.3489,7.4371,0
764,51,5,2,2,2.1814,8.1505,0.4130,4.8751,down,1,right,-0.1000,2,2,1,8.1505,7.6430,2.7679,4.8751,5.7055,0
765,51,6,2,2,2.1814,8.1505,0.4130,5.7055,down,0,down,-0.1000,3,2,0,8.7727,8.2340,0.0835,8.1505,8.1756,0
766,51,7,3,2,5.4353,0.4944,-6.5700,8.7727,right,0,right,-0.1000,3,3,0,9.3861,8.8168,0.0441,8.7727,8.7859,0
767,51,8,3,3,5.7955,0.0000,4.9892,9.3861,right,1,right,-0.1000,3,4,0,9.9987,9.3987,0.0127,9.3861,9.3899,0
768,51,9,3,4,0.4681,9.9987,3.7600,5.6667,down,0,down,10.0000,4,4,0,0.0000,10.0000,0.0013,9.9987,9.9991,1
769,52,1,0,0,-0.4123,-0.3761,-0.2566,3.6569,right,0,right,-0.1000,0,1,0,5.2765,4.9126,1.2557,3.6569,4.0336,0
770,52,2,0,1,-0.3401,0.1310,-0.3520,5.2765,right,0,right,-0.1000,0,2,0,6.5572,6.1294,0.8529,5.2765,5.5323,0
771,52,3,0,2,0.8095,6.5572,-0.1345,-0.2549,down,1,up,-0.1000,0,2,1,6.5572,6.1294,5.3199,0.8095,2.4054,0
772,52,4,0,2,2.4054,6.5572,-0.1345,-0.2549,down,0,down,-0.1000,1,2,0,7.4371,6.9653,0.4080,6.5572,6.6797,0
773,52,5,1,2,2.6090,7.4371,1.6775,-7.5990,down,1,right,-10.0000,1,3,0,0.0000,-10.0000,-2.4010,-7.5990,-8.3193,1
774,53,1,0,0,-0.4123,-0.3761,-0.2566,4.0336,right,0,right,-0.1000,0,1,0,5.5323,5.1557,1.1221,4.0336,4.3703,0
775,53,2,0,1,-0.3401,0.1310,-0.3520,5.5323,right,0,right,-0.1000,0,2,0,6.6797,6.2457,0.7133,5.5323,5.7463,0
776,53,3,0,2,2.4054,6.6797,-0.1345,-0.2549,down,0,down,-0.1000,1,2,0,7.4371,6.9653,0.2856,6.6797,6.7653,0
777,53,4,1,2,2.6090,7.4371,1.6775,-8.3193,down,0,down,-0.1000,2,2,0,8.1756,7.6668,0.2297,7.4371,7.5060,0
778,53,5,2,2,2.1814,8.1756,0.4130,5.7055,down,0,down,-0.1000,3,2,0,8.7859,8.2466,0.0710,8.1756,8.1969,0
779,53,6,3,2,5.4353,0.4944,-6.5700,8.7859,right,0,right,-0.1000,3,3,0,9.3899,8.8204,0.0345,8.7859,8.7962,0
780,53,7,3,3,5.7955,0.0000,4.9892,9.3899,right,1,up,-0.1000,3,3,1,9.3899,8.8204,3.0248,5.7955,6.7030,0
781,53,8,3,3,6.7030,0.0000,4.9892,9.3899,right,0,right,-0.1000,3,4,0,9.9991,9.3991,0.0092,9.3899,9.3926,0
782,53,9,3,4,0.4681,9.9991,3.7600,5.6667,down,0,down,10.0000,4,4,0,0.0000,10.0000,0.0009,9.9991,9.9993,1
783,54,1,0,0,-0.4123,-0.3761,-0.2566,4.3703,right,0,right,-0.1000,0,1,0,5.7463,5.3590,0.9888,4.3703,4.6669,0
784,54,2,0,1,-0.3401,0.1310,-0.3520,5.7463,right,0,right,-0.1000,0,2,0,6.7653,6.3271,0.5807,5.7463,5.9206,0
785,54,3,0,2,2.4054,6.7653,-0.1345,-0.2549,down,0,down,-0.1000,1,2,0,7.5060,7.0307,0.2654,6.7653,6.8450,0
786,54,4,1,2,2.6090,7.5060,1.6775,-8.3193,down,0,down,-0.1000,2,2,0,8.1969,7.6870,0.1810,7.5060,7.5603,0
787,54,5,2,2,2.1814,8.1969,0.4130,5.7055,down,0,down,-0.1000,3,2,0,8.7962,8.2564,0.0595,8.1969,8.2147,0
788,54,6,3,2,5.4353,0.4944,-6.5700,8.7962,right,0,right,-0.1000,3,3,0,9.3926,8.8230,0.0268,8.7962,8.8043,0
789,54,7,3,3,6.7030,0.0000,4.9892,9.3926,right,0,right,-0.1000,3,4,0,9.9993,9.3994,0.0067,9.3926,9.3947,0
790,54,8,3,4,0.4681,9.9993,3.7600,5.6667,down,1,left,-0.1000,3,3,0,9.3947,8.8249,5.0649,3.7600,5.2795,0
791,54,9,3,3,6.7030,0.0000,4.9892,9.3947,right,1,down,-0.1000,4,3,0,6.5700,6.1415,6.1415,0.0000,1.8424,0
792,54,10,4,3,0.0000,0.0000,0.0000,6.5700,right,1,down,-0.1000,4,3,1,6.5700,6.1415,6.1415,0.0000,1.8424,0
793,54,11,4,3,0.0000,1.8424,0.0000,6.5700,right,1,left,-0.1000,4,2,0,2.4164,2.1956,2.1956,0.0000,0.6587,0
794,54,12,4,2,2.4164,-0.0595,-0.0715,1.9863,up,0,up,-0.1000,3,2,0,8.8043,8.2641,5.8477,2.4164,4.1707,0
795,54,13,3,2,5.4353,0.4944,-6.5700,8.8043,right,0,right,-0.1000,3,3,0,9.3947,8.8249,0.0207,8.8043,8.8105,0
796,54,14,3,3,6.7030,1.8424,4.9892,9.3947,right,0,right,-0.1000,3,4,0,9.9993,9.3994,0.0047,9.3947,9.3961,0
797,54,15,3,4,0.4681,9.9993,5.2795,5.6667,down,1,left,-0.1000,3,3,0,9.3961,8.8263,3.5468,5.2795,6.3435,0
798,54,16,3,3,6.7030,1.8424,4.9892,9.3961,right,0,right,-0.1000,3,4,0,9.9993,9.3994,0.0033,9.3961,9.3971,0
799,54,17,3,4,0.4681,9.9993,6.3435,5.6667,down,1,right,-0.1000,3,4,1,9.9993,9.3994,3.7326,5.6667,6.7865,0
800,54,18,3,4,0.4681,9.9993,6.3435,6.7865,down,1,down,10.0000,4,4,0,0.0000,10.0000,0.0007,9.9993,9.9995,1
801,55,1,0,0,-0.4123,-0.3761,-0.2566,4.6669,right,0,right,-0.1000,0,1,0,5.9206,5.5245,0.8576,4.6669,4.9242,0
802,55,2,0,1,-0.3401,0.1310,-0.3520,5.9206,right,0,right,-0.1000,0,2,0,6.8450,6.4027,0.4822,5.9206,6.0652,0
803,55,3,0,2,2.4054,6.8450,-0.1345,-0.2549,down,1,down,-0.1000,1,2,0,7.5603,7.0823,0.2374,6.8450,6.9162,0
804,55,4,1,2,2.6090,7.5603,1.6775,-8.3193,down,0,down,-0.1000,2,2,0,8.2147,7.7040,0.1437,7.5603,7.6034,0
805,55,5,2,2,2.1814,8.2147,0.4130,5.7055,down,0,down,-0.1000,3,2,0,8.8105,8.2699,0.0552,8.2147,8.2313,0
806,55,6,3,2,5.4353,0.4944,-6.5700,8.8105,right,0,right,-0.1000,3,3,0,9.3971,8.8272,0.0167,8.8105,8.8155,0
807,55,7,3,3,6.7030,1.8424,4.9892,9.3971,right,0,right,-0.1000,3,4,0,9.9995,9.3996,0.0025,9.3971,9.3978,0
808,55,8,3,4,0.4681,9.9995,6.3435,6.7865,down,0,down,10.0000,4,4,0,0.0000,10.0000,0.0005,9.9995,9.9997,1
809,56,1,0,0,-0.4123,-0.3761,-0.2566,4.9242,right,0,right,-0.1000,0,1,0,6.0652,5.6619,0.7378,4.9242,5.1455,0
810,56,2,0,1,-0.3401,0.1310,-0.3520,6.0652,right,1,up,-0.1000,0,1,1,6.0652,5.6619,6.0020,-0.3401,1.4605,0
811,56,3,0,1,1.4605,0.1310,-0.3520,6.0652,right,0,right,-0.1000,0,2,0,6.9162,6.4704,0.4052,6.0652,6.1868,0
812,56,4,0,2,2.4054,6.9162,-0.1345,-0.2549,down,0,down,-0.1000,1,2,0,7.6034,7.1233,0.2071,6.9162,6.9783,0
813,56,5,1,2,2.6090,7.6034,1.6775,-8.3193,down,1,down,-0.1000,2,2,0,8.2313,7.7197,0.1163,7.6034,7.6383,0
814,56,6,2,2,2.1814,8.2313,0.4130,5.7055,down,1,up,-0.1000,1,2,0,7.6383,7.1564,4.9750,2.1814,3.6739,0
815,56,7,1,2,2.6090,7.6383,1.6775,-8.3193,down,1,down,-0.1000,2,2,0,8.2313,7.7197,0.0814,7.6383,7.6628,0
816,56,8,2,2,3.6739,8.2313,0.4130,5.7055,down,1,left,-0.1000,2,1,0,4.4753,4.1516,3.7385,0.4130,1.5346,0
817,56,9,2,1,-0.2008,-8.3193,-0.1771,4.4753,right,1,down,-10.0000,3,1,0,0.0000,-10.0000,-1.6807,-8.3193,-8.8235,1
818,57,1,0,0,-0.4123,-0.3761,-0.2566,5.1455,right,0,right,-0.1000,0,1,0,6.1868,5.7774,0.6319,5.1455,5.3351,0
819,57,2,0,1,1.4605,0.1310,-0.3520,6.1868,right,0,right,-0.1000,0,2,0,6.9783,6.5294,0.3426,6.1868,6.2895,0
820,57,3,0,2,2.4054,6.9783,-0.1345,-0.2549,down,0,down,-0.1000,1,2,0,7.6628,7.1796,0.2013,6.9783,7.0387,0
821,57,4,1,2,2.6090,7.6628,1.6775,-8.3193,down,0,down,-0.1000,2,2,0,8.2313,7.7197,0.0570,7.6628,7.6798,0
822,57,5,2,2,3.6739,8.2313,1.5346,5.7055,down,0,down,-0.1000,3,2,0,8.8155,8.2747,0.0434,8.2313,8.2443,0
823,57,6,3,2,5.4353,0.4944,-6.5700,8.8155,right,0,right,-0.1000,3,3,0,9.3978,8.8279,0.0124,8.8155,8.8192,0
824,57,7,3,3,6.7030,1.8424,4.9892,9.3978,right,0,right,-0.1000,3,4,0,9.9997,9.3997,0.0019,9.3978,9.3984,0
825,57,8,3,4,0.4681,9.9997,6.3435,6.7865,down,0,down,10.0000,4,4,0,0.0000,10.0000,0.0003,9.9997,9.9998,1
826,58,1,0,0,-0.4123,-0.3761,-0.2566,5.3351,right,0,right,-0.1000,0,1,0,6.2895,5.8751,0.5400,5.3351,5.4971,0
827,58,2,0,1,1.4605,0.1310,-0.3520,6.2895,right,0,right,-0.1000,0,2,0,7.0387,6.5868,0.2972,6.2895,6.3787,0
828,58,3,0,2,2.4054,7.0387,-0.1345,-0.2549,down,0,down,-0.1000,1,2,0,7.6798,7.1959,0.1572,7.0387,7.0858,0
829,58,4,1,2,2.6090,7.6798,1.6775,-8.3193,down,0,down,-0.1000,2,2,0,8.2443,7.7321,0.0523,7.6798,7.6955,0
830,58,5,2,2,3.6739,8.2443,1.5346,5.7055,down,0,down,-0.1000,3,2,0,8.8192,8.2783,0.0339,8.2443,8.2545,0
831,58,6,3,2,5.4353,0.4944,-6.5700,8.8192,right,1,up,-0.1000,2,2,0,8.2545,7.7418,2.3065,5.4353,6.1272,0
832,58,7,2,2,3.6739,8.2545,1.5346,5.7055,down,1,right,-0.1000,2,2,1,8.2545,7.7418,2.0363,5.7055,6.3164,0
833,58,8,2,2,3.6739,8.2545,1.5346,6.3164,down,0,down,-0.1000,3,2,0,8.8192,8.2783,0.0238,8.2545,8.2616,0
834,58,9,3,2,6.1272,0.4944,-6.5700,8.8192,right,1,right,-0.1000,3,3,0,9.3984,8.8285,0.0092,8.8192,8.8220,0
835,58,10,3,3,6.7030,1.8424,4.9892,9.3984,right,0,right,-0.1000,3,4,0,9.9998,9.3998,0.0014,9.3984,9.3988,0
836,58,11,3,4,0.4681,9.9998,6.3435,6.7865,down,1,down,10.0000,4,4,0,0.0000,10.0000,0.0002,9.9998,9.9998,1
837,59,1,0,0,-0.4123,-0.3761,-0.2566,5.4971,right,1,left,-0.1000,0,0,1,5.4971,5.1222,5.3788,-0.2566,1.3571,0
838,59,2,0,0,-0.4123,-0.3761,1.3571,5.4971,right,0,right,-0.1000,0,1,0,6.3787,5.9598,0.4627,5.4971,5.6359,0
839,59,3,0,1,1.4605,0.1310,-0.3520,6.3787,right,1,down,-0.1000,0,1,1,6.3787,5.9598,5.8288,0.1310,1.8796,0
840,59,4,0,1,1.4605,1.8796,-0.3520,6.3787,right,0,right,-0.1000,0,2,0,7.0858,6.6316,0.2528,6.3787,6.4546,0
841,59,5,0,2,2.4054,7.0858,-0.1345,-0.2549,down,0,down,-0.1000,1,2,0,7.6955,7.2108,0.1249,7.0858,7.1233,0
842,59,6,1,2,2.6090,7.6955,1.6775,-8.3193,down,1,left,-0.1000,1,2,1,7.6955,7.2108,5.5332,1.6775,3.3375,0
843,59,7,1,2,2.6090,7.6955,3.3375,-8.3193,down,0,down,-0.1000,2,2,0,8.2616,7.7486,0.0530,7.6955,7.7114,0
844,59,8,2,2,3.6739,8.2616,1.5346,6.3164,down,0,down,-0.1000,3,2,0,8.8220,8.2809,0.0193,8.2616,8.2674,0
845,59,9,3,2,6.1272,0.4944,-6.5700,8.8220,right,0,right,-0.1000,3,3,0,9.3988,8.8289,0.0069,8.8220,8.8241,0
846,59,10,3,3,6.7030,1.8424,4.9892,9.3988,right,0,right,-0.1000,3,4,0,9.9998,9.3999,0.0010,9.3988,9.3991,0
847,59,11,3,4,0.4681,9.9998,6.3435,6.7865,down,0,down,10.0000,4,4,0,0.0000,10.0000,0.0002,9.9998,9.9999,1
848,60,1,0,0,-0.4123,-0.3761,1.3571,5.6359,right,0,right,-0.1000,0,1,0,6.4546,6.0318,0.3959,5.6359,5.7547,0
849,60,2,0,1,1.4605,1.8796,-0.3520,6.4546,right,0,right,-0.1000,0,2,0,7.1233,6.6671,0.2126,6.4546,6.5183,0
850,60,3,0,2,2.4054,7.1233,-0.1345,-0.2549,down,0,down,-0.1000,1,2,0,7.7114,7.2259,0.1025,7.1233,7.1541,0
851,60,4,1,2,2.6090,7.7114,3.3375,-8.3193,down,0,down,-0.1000,2,2,0,8.2674,7.7540,0.0426,7.7114,7.7242,0
852,60,5,2,2,3.6739,8.2674,1.5346,6.3164,down,0,down,-0.1000,3,2,0,8.8241,8.2828,0.0154,8.2674,8.2720,0
853,60,6,3,2,6.1272,0.4944,-6.5700,8.8241,right,1,down,-0.1000,4,2,0,4.1707,3.8622,3.3677,0.4944,1.5047,0
854,60,7,4,2,4.1707,-0.0595,-0.0715,1.9863,up,1,down,-0.1000,4,2,1,4.1707,3.8622,3.9217,-0.0595,1.1170,0
855,60,8,4,2,4.1707,1.1170,-0.0715,1.9863,up,1,down,-0.1000,4,2,1,4.1707,3.8622,2.7452,1.1170,1.9405,0
856,60,9,4,2,4.1707,1.9405,-0.0715,1.9863,up,1,right,-0.1000,4,3,0,6.5700,6.1415,4.1552,1.9863,3.2329,0
857,60,10,4,3,0.0000,1.8424,0.6587,6.5700,right,0,right,10.0000,4,4,0,0.0000,10.0000,3.4300,6.5700,7.5990,1
858,61,1,0,0,-0.4123,-0.3761,1.3571,5.7547,right,1,right,-0.1000,0,1,0,6.5183,6.0924,0.3378,5.7547,5.8560,0
859,61,2,0,1,1.4605,1.8796,-0.3520,6.5183,right,0,right,-0.1000,0,2,0,7.1541,6.6964,0.1780,6.5183,6.5717,0
860,61,3,0,2,2.4054,7.1541,-0.1345,-0.2549,down,0,down,-0.1000,1,2,0,7.7242,7.2380,0.0839,7.1541,7.1793,0
861,61,4,1,2,2.6090,7.7242,3.3375,-8.3193,down,0,down,-0.1000,2,2,0,8.2720,7.7584,0.0342,7.7242,7.7345,0
862,61,5,2,2,3.6739,8.2720,1.5346,6.3164,down,0,down,-0.1000,3,2,0,8.8241,8.2828,0.0108,8.2720,8.2753,0
863,61,6,3,2,6.1272,1.5047,-6.5700,8.8241,right,0,right,-0.1000,3,3,0,9.3991,8.8292,0.0051,8.8241,8.8256,0
864,61,7,3,3,6.7030,1.8424,4.9892,9.3991,right,0,right,-0.1000,3,4,0,9.9999,9.3999,0.0008,9.3991,9.3993,0
865,61,8,3,4,0.4681,9.9999,6.3435,6.7865,down,1,down,10.0000,4,4,0,0.0000,10.0000,0.0001,9.9999,9.9999,1
866,62,1,0,0,-0.4123,-0.3761,1.3571,5.8560,right,0,right,-0.1000,0,1,0,6.5717,6.1432,0.2872,5.8560,5.9421,0
867,62,2,0,1,1.4605,1.8796,-0.3520,6.5717,right,1,left,-0.1000,0,0,0,5.9421,5.5450,5.8970,-0.3520,1.4171,0
868,62,3,0,0,-0.4123,-0.3761,1.3571,5.9421,right,1,right,-0.1000,0,1,0,6.5717,6.1432,0.2010,5.9421,6.0025,0
869,62,4,0,1,1.4605,1.8796,1.4171,6.5717,right,0,right,-0.1000,0,2,0,7.1793,6.7203,0.1485,6.5717,6.6163,0
870,62,5,0,2,2.4054,7.1793,-0.1345,-0.2549,down,1,down,-0.1000,1,2,0,7.7345,7.2478,0.0685,7.1793,7.1998,0
871,62,6,1,2,2.6090,7.7345,3.3375,-8.3193,down,0,down,-0.1000,2,2,0,8.2753,7.7615,0.0270,7.7345,7.7426,0
872,62,7,2,2,3.6739,8.2753,1.5346,6.3164,down,0,down,-0.1000,3,2,0,8.8256,8.2843,0.0090,8.2753,8.2780,0
873,62,8,3,2,6.1272,1.5047,-6.5700,8.8256,right,1,right,-0.1000,3,3,0,9.3993,8.8294,0.0038,8.8256,8.8267,0
874,62,9,3,3,6.7030,1.8424,4.9892,9.3993,right,0,right,-0.1000,3,4,0,9.9999,9.3999,0.0006,9.3993,9.3995,0
875,62,10,3,4,0.4681,9.9999,6.3435,6.7865,down,0,down,10.0000,4,4,0,0.0000,10.0000,0.0001,9.9999,9.9999,1
876,63,1,0,0,-0.4123,-0.3761,1.3571,6.0025,right,0,right,-0.1000,0,1,0,6.6163,6.1855,0.1830,6.0025,6.0574,0
877,63,2,0,1,1.4605,1.8796,1.4171,6.6163,right,0,right,-0.1000,0,2,0,7.1998,6.7398,0.1235,6.6163,6.6534,0
878,63,3,0,2,2.4054,7.1998,-0.1345,-0.2549,down,0,down,-0.1000,1,2,0,7.7426,7.2555,0.0557,7.1998,7.2165,0
879,63,4,1,2,2.6090,7.7426,3.3375,-8.3193,down,0,down,-0.1000,2,2,0,8.2780,7.7641,0.0215,7.7426,7.7490,0
880,63,5,2,2,3.6739,8.2780,1.5346,6.3164,down,1,right,-0.1000,2,2,1,8.2780,7.7641,1.4477,6.3164,6.7507,0
881,63,6,2,2,3.6739,8.2780,1.5346,6.7507,down,1,left,-0.1000,2,1,0,4.4753,4.1516,2.6170,1.5346,2.3197,0
882,63,7,2,1,-0.2008,-8.8235,-0.1771,4.4753,right,1,up,-0.1000,2,1,1,4.4753,4.1516,4.3523,-0.2008,1.1049,0
883,63,8,2,1,1.1049,-8.8235,-0.1771,4.4753,right,0,right,-0.1000,2,2,0,8.2780,7.7641,3.2888,4.4753,5.4620,0
884,63,9,2,2,3.6739,8.2780,2.3197,6.7507,down,0,down,-0.1000,3,2,0,8.8267,8.2854,0.0074,8.2780,8.2802,0
885,63,10,3,2,6.1272,1.5047,-6.5700,8.8267,right,0,right,-0.1000,3,3,0,9.3995,8.8295,0.0028,8.8267,8.8276,0
886,63,11,3,3,6.7030,1.8424,4.9892,9.3995,right,0,right,-0.1000,3,4,0,9.9999,9.3999,0.0004,9.3995,9.3997,0
887,63,12,3,4,0.4681,9.9999,6.3435,6.7865,down,1,up,-0.1000,2,4,0,5.4417,5.0696,4.6015,0.4681,1.8486,0
888,63,13,2,4,0.2185,5.4417,-0.0300,-0.0300,down,0,down,-0.1000,3,4,0,9.9999,9.3999,3.9582,5.4417,6.6292,0
889,63,14,3,4,1.8486,9.9999,6.3435,6.7865,down,0,down,10.0000,4,4,0,0.0000,10.0000,0.0001,9.9999,10.0000,1
890,64,1,0,0,-0.4123,-0.3761,1.3571,6.0574,right,0,right,-0.1000,0,1,0,6.6534,6.2207,0.1633,6.0574,6.1064,0
891,64,2,0,1,1.4605,1.8796,1.4171,6.6534,right,0,right,-0.1000,0,2,0,7.2165,6.7557,0.1023,6.6534,6.6841,0
892,64,3,0,2,2.4054,7.2165,-0.1345,-0.2549,down,0,down,-0.1000,1,2,0,7.7490,7.2616,0.0451,7.2165,7.2300,0
893,64,4,1,2,2.6090,7.7490,3.3375,-8.3193,down,0,down,-0.1000,2,2,0,8.2802,7.7662,0.0172,7.7490,7.7542,0
894,64,5,2,2,3.6739,8.2802,2.3197,6.7507,down,0,down,-0.1000,3,2,0,8.8276,8.2862,0.0060,8.2802,8.2820,0
895,64,6,3,2,6.1272,1.5047,-6.5700,8.8276,right,0,right,-0.1000,3,3,0,9.3997,8.8297,0.0021,8.8276,8.8282,0
896,64,7,3,3,6.7030,1.8424,4.9892,9.3997,right,0,right,-0.1000,3,4,0,10.0000,9.4000,0.0003,9.3997,9.3997,0
897,64,8,3,4,1.8486,10.0000,6.3435,6.7865,down,0,down,10.0000,4,4,0,0.0000,10.0000,0.0000,10.0000,10.0000,1
898,65,1,0,0,-0.4123,-0.3761,1.3571,6.1064,right,0,right,-0.1000,0,1,0,6.6841,6.2499,0.1435,6.1064,6.1494,0
899,65,2,0,1,1.4605,1.8796,1.4171,6.6841,right,0,right,-0.1000,0,2,0,7.2300,6.7685,0.0845,6.6841,6.7094,0
900,65,3,0,2,2.4054,7.2300,-0.1345,-0.2549,down,0,down,-0.1000,1,2,0,7.7542,7.2665,0.0365,7.2300,7.2410,0
901,65,4,1,2,2.6090,7.7542,3.3375,-8.3193,down,0,down,-0.1000,2,2,0,8.2820,7.7679,0.0137,7.7542,7.7583,0
902,65,5,2,2,3.6739,8.2820,2.3197,6.7507,down,0,down,-0.1000,3,2,0,8.8282,8.2868,0.0048,8.2820,8.2834,0
903,65,6,3,2,6.1272,1.5047,-6.5700,8.8282,right,1,left,-10.0000,3,1,0,0.0000,-10.0000,-3.4300,-6.5700,-7.5990,1
904,66,1,0,0,-0.4123,-0.3761,1.3571,6.1494,right,0,right,-0.1000,0,1,0,6.7094,6.2739,0.1245,6.1494,6.1868,0
905,66,2,0,1,1.4605,1.8796,1.4171,6.7094,right,0,right,-0.1000,0,2,0,7.2410,6.7789,0.0695,6.7094,6.7303,0
906,66,3,0,2,2.4054,7.2410,-0.1345,-0.2549,down,1,right,-0.1000,0,3,0,-0.1926,-0.2830,-0.0281,-0.2549,-0.2633,0
907,66,4,0,3,-0.1929,-5.1000,-0.2418,-0.1926,right,0,right,-0.1000,0,4,0,0.1680,0.0596,0.2522,-0.1926,-0.1170,0
908,66,5,0,4,-0.1333,0.1680,-0.1773,-0.1572,down,0,down,-0.1000,1,4,0,1.7829,1.5938,1.4258,0.1680,0.5957,0
909,66,6,1,4,-0.1672,1.7829,-7.5990,-0.1132,down,0,down,-0.1000,2,4,0,6.6292,6.1977,4.4148,1.7829,3.1074,0
910,66,7,2,4,0.2185,6.6292,-0.0300,-0.0300,down,0,down,-0.1000,3,4,0,10.0000,9.4000,2.7708,6.6292,7.4604,0
911,66,8,3,4,1.8486,10.0000,6.3435,6.7865,down,0,down,10.0000,4,4,0,0.0000,10.0000,0.0000,10.0000,10.0000,1
912,67,1,0,0,-0.4123,-0.3761,1.3571,6.1868,right,0,right,-0.1000,0,1,0,6.7303,6.2937,0.1070,6.1868,6.2189,0
913,67,2,0,1,1.4605,1.8796,1.4171,6.7303,right,0,right,-0.1000,0,2,0,7.2410,6.7789,0.0487,6.7303,6.7449,0
914,67,3,0,2,2.4054,7.2410,-0.1345,-0.2633,down,0,down,-0.1000,1,2,0,7.7583,7.2704,0.0294,7.2410,7.2498,0
915,67,4,1,2,2.6090,7.7583,3.3375,-8.3193,down,0,down,-0.1000,2,2,0,8.2834,7.7693,0.0110,7.7583,7.7616,0
916,67,5,2,2,3.6739,8.2834,2.3197,6.7507,down,1,down,-0.1000,3,2,0,8.8282,8.2868,0.0033,8.2834,8.2844,0
917,67,6,3,2,6.1272,1.5047,-7.5990,8.8282,right,0,right,-0.1000,3,3,0,9.3997,8.8298,0.0016,8.8282,8.8287,0
918,67,7,3,3,6.7030,1.8424,4.9892,9.3997,right,1,down,-0.1000,4,3,0,7.5990,7.1190,5.2766,1.8424,3.4254,0
919,67,8,4,3,0.0000,1.8424,0.6587,7.5990,right,0,right,10.0000,4,4,0,0.0000,10.0000,2.4010,7.5990,8.3193,1
920,68,1,0,0,-0.4123,-0.3761,1.3571,6.2189,right,0,right,-0.1000,0,1,0,6.7449,6.3076,0.0888,6.2189,6.2455,0
921,68,2,0,1,1.4605,1.8796,1.4171,6.7449,right,0,right,-0.1000,0,2,0,7.2498,6.7873,0.0424,6.7449,6.7576,0
922,68,3,0,2,2.4054,7.2498,-0.1345,-0.2633,down,0,down,-0.1000,1,2,0,7.7616,7.2735,0.0237,7.2498,7.2569,0
923,68,4,1,2,2.6090,7.7616,3.3375,-8.3193,down,0,down,-0.1000,2,2,0,8.2844,7.7702,0.0086,7.7616,7.7642,0
924,68,5,2,2,3.6739,8.2844,2.3197,6.7507,down,0,down,-0.1000,3,2,0,8.8287,8.2872,0.0028,8.2844,8.2853,0
925,68,6,3,2,6.1272,1.5047,-7.5990,8.8287,right,0,right,-0.1000,3,3,0,9.3997,8.8298,0.0011,8.8287,8.8290,0
926,68,7,3,3,6.7030,3.4254,4.9892,9.3997,right,0,right,-0.1000,3,4,0,10.0000,9.4000,0.0002,9.3997,9.3998,0
927,68,8,3,4,1.8486,10.0000,6.3435,6.7865,down,0,down,10.0000,4,4,0,0.0000,10.0000,0.0000,10.0000,10.0000,1
928,69,1,0,0,-0.4123,-0.3761,1.3571,6.2455,right,0,right,-0.1000,0,1,0,6.7576,6.3197,0.0742,6.2455,6.2678,0
929,69,2,0,1,1.4605,1.8796,1.4171,6.7576,right,0,right,-0.1000,0,2,0,7.2569,6.7941,0.0365,6.7576,6.7685,0
930,69,3,0,2,2.4054,7.2569,-0.1345,-0.2633,down,0,down,-0.1000,1,2,0,7.7642,7.2760,0.0191,7.2569,7.2626,0
931,69,4,1,2,2.6090,7.7642,3.3375,-8.3193,down,1,down,-0.1000,2,2,0,8.2853,7.7710,0.0068,7.7642,7.7662,0
932,69,5,2,2,3.6739,8.2853,2.3197,6.7507,down,0,down,-0.1000,3,2,0,8.8290,8.2875,0.0023,8.2853,8.2860,0
933,69,6,3,2,6.1272,1.5047,-7.5990,8.8290,right,0,right,-0.1000,3,3,0,9.3998,8.8298,0.0008,8.8290,8.8292,0
934,69,7,3,3,6.7030,3.4254,4.9892,9.3998,right,0,right,-0.1000,3,4,0,10.0000,9.4000,0.0002,9.3998,9.3999,0
935,69,8,3,4,1.8486,10.0000,6.3435,6.7865,down,0,down,10.0000,4,4,0,0.0000,10.0000,0.0000,10.0000,10.0000,1
936,70,1,0,0,-0.4123,-0.3761,1.3571,6.2678,right,0,right,-0.1000,0,1,0,6.7685,6.3301,0.0624,6.2678,6.2865,0
937,70,2,0,1,1.4605,1.8796,1.4171,6.7685,right,0,right,-0.1000,0,2,0,7.2626,6.7995,0.0310,6.7685,6.7778,0
938,70,3,0,2,2.4054,7.2626,-0.1345,-0.2633,down,1,up,-0.1000,0,2,1,7.2626,6.7995,4.3941,2.4054,3.7236,0
939,70,4,0,2,3.7236,7.2626,-0.1345,-0.2633,down,0,down,-0.1000,1,2,0,7.7662,7.2779,0.0153,7.2626,7.2672,0
940,70,5,1,2,2.6090,7.7662,3.3375,-8.3193,down,0,down,-0.1000,2,2,0,8.2860,7.7717,0.0054,7.7662,7.7679,0
941,70,6,2,2,3.6739,8.2860,2.3197,6.7507,down,0,down,-0.1000,3,2,0,8.8292,8.2878,0.0018,8.2860,8.2865,0
942,70,7,3,2,6.1272,1.5047,-7.5990,8.8292,right,0,right,-0.1000,3,3,0,9.3999,8.8299,0.0006,8.8292,8.8294,0
943,70,8,3,3,6.7030,3.4254,4.9892,9.3999,right,0,right,-0.1000,3,4,0,10.0000,9.4000,0.0001,9.3999,9.3999,0
944,70,9,3,4,1.8486,10.0000,6.3435,6.7865,down,1,down,10.0000,4,4,0,0.0000,10.0000,0.0000,10.0000,10.0000,1
945,71,1,0,0,-0.4123,-0.3761,1.3571,6.2865,right,0,right,-0.1000,0,1,0,6.7778,6.3389,0.0525,6.2865,6.3022,0
946,71,2,0,1,1.4605,1.8796,1.4171,6.7778,right,0,right,-0.1000,0,2,0,7.2672,6.8039,0.0260,6.7778,6.7856,0
947,71,3,0,2,3.7236,7.2672,-0.1345,-0.2633,down,1,left,-0.1000,0,1,0,6.7856,6.3463,6.4808,-0.1345,1.8098,0
948,71,4,0,1,1.4605,1.8796,1.4171,6.7856,right,0,right,-0.1000,0,2,0,7.2672,6.8039,0.0182,6.7856,6.7911,0
949,71,5,0,2,3.7236,7.2672,1.8098,-0.2633,down,0,down,-0.1000,1,2,0,7.7679,7.2795,0.0123,7.2672,7.2709,0
950,71,6,1,2,2.6090,7.7679,3.3375,-8.3193,down,0,down,-0.1000,2,2,0,8.2865,7.7722,0.0043,7.7679,7.7692,0
951,71,7,2,2,3.6739,8.2865,2.3197,6.7507,down,0,down,-0.1000,3,2,0,8.8294,8.2880,0.0015,8.2865,8.2869,0
952,71,8,3,2,6.1272,1.5047,-7.5990,8.8294,right,0,right,-0.1000,3,3,0,9.3999,8.8299,0.0005,8.8294,8.8296,0
953,71,9,3,3,6.7030,3.4254,4.9892,9.3999,right,0,right,-0.1000,3,4,0,10.0000,9.4000,0.0001,9.3999,9.3999,0
954,71,10,3,4,1.8486,10.0000,6.3435,6.7865,down,0,down,10.0000,4,4,0,0.0000,10.0000,0.0000,10.0000,10.0000,1
955,72,1,0,0,-0.4123,-0.3761,1.3571,6.3022,right,1,up,-0.1000,0,0,1,6.3022,5.8871,6.2994,-0.4123,1.4775,0
956,72,2,0,0,1.4775,-0.3761,1.3571,6.3022,right,1,down,-0.1000,1,0,0,-0.1012,-0.1962,0.1800,-0.3761,-0.3221,0
957,72,3,1,0,-0.3291,-0.1012,-0.3325,-0.3201,down,1,right,-0.1000,1,0,1,-0.1012,-0.1962,0.1240,-0.3201,-0.2829,0
958,72,4,1,0,-0.3291,-0.1012,-0.3325,-0.2829,down,1,down,-0.1000,2,0,0,1.0357,0.8839,0.9851,-0.1012,0.1943,0
959,72,5,2,0,-0.2696,-0.2530,-0.1561,1.0357,right,0,right,-0.1000,2,1,0,5.4620,5.0889,4.0532,1.0357,2.2516,0
960,72,6,2,1,1.1049,-8.8235,-0.1771,5.4620,right,0,right,-0.1000,2,2,0,8.2869,7.7726,2.3106,5.4620,6.1551,0
961,72,7,2,2,3.6739,8.2869,2.3197,6.7507,down,0,down,-0.1000,3,2,0,8.8296,8.2881,0.0012,8.2869,8.2873,0
962,72,8,3,2,6.1272,1.5047,-7.5990,8.8296,right,1,down,-0.1000,4,2,0,4.1707,3.8622,2.3574,1.5047,2.2120,0
963,72,9,4,2,4.1707,1.9405,-0.0715,3.2329,up,0,up,-0.1000,3,2,0,8.8296,8.2881,4.1174,4.1707,5.4059,0
964,72,10,3,2,6.1272,2.2120,-7.5990,8.8296,right,1,down,-0.1000,4,2,0,5.4059,5.0356,2.8237,2.2120,3.0591,0
965,72,11,4,2,5.4059,1.9405,-0.0715,3.2329,up,0,up,-0.1000,3,2,0,8.8296,8.2881,2.8822,5.4059,6.2706,0
966,72,12,3,2,6.1272,3.0591,-7.5990,8.8296,right,0,right,-0.1000,3,3,0,9.3999,8.8299,0.0004,8.8296,8.8297,0
967,72,13,3,3,6.7030,3.4254,4.9892,9.3999,right,0,right,-0.1000,3,4,0,10.0000,9.4000,0.0001,9.3999,9.4000,0
968,72,14,3,4,1.8486,10.0000,6.3435,6.7865,down,0,down,10.0000,4,4,0,0.0000,10.0000,0.0000,10.0000,10.0000,1
969,73,1,0,0,1.4775,-0.3221,1.3571,6.3022,right,1,down,-0.1000,1,0,0,0.1943,0.0846,0.4067,-0.3221,-0.2001,0
970,73,2,1,0,-0.3291,0.1943,-0.3325,-0.2829,down,0,down,-0.1000,2,0,0,2.2516,2.0391,1.8447,0.1943,0.7477,0
971,73,3,2,0,-0.2696,-0.2530,-0.1561,2.2516,right,0,right,-0.1000,2,1,0,6.1551,5.7474,3.4957,2.2516,3.3004,0
972,73,4,2,1,1.1049,-8.8235,-0.1771,6.1551,right,0,right,-0.1000,2,2,0,8.2873,7.7729,1.6178,6.1551,6.6405,0
973,73,5,2,2,3.6739,8.2873,2.3197,6.7507,down,1,up,-0.1000,1,2,0,7.7692,7.2807,3.6068,3.6739,4.7560,0
974,73,6,1,2,2.6090,7.7692,3.3375,-8.3193,down,0,down,-0.1000,2,2,0,8.2873,7.7729,0.0038,7.7692,7.7703,0
975,73,7,2,2,4.7560,8.2873,2.3197,6.7507,down,0,down,-0.1000,3,2,0,8.8297,8.2882,0.0009,8.2873,8.2876,0
976,73,8,3,2,6.1272,3.0591,-7.5990,8.8297,right,1,right,-0.1000,3,3,0,9.4000,8.8300,0.0003,8.8297,8.8298,0
977,73,9,3,3,6.7030,3.4254,4.9892,9.4000,right,0,right,-0.1000,3,4,0,10.0000,9.4000,0.0000,9.4000,9.4000,0
978,73,10,3,4,1.8486,10.0000,6.3435,6.7865,down,0,down,10.0000,4,4,0,0.0000,10.0000,0.0000,10.0000,10.0000,1
979,74,1,0,0,1.4775,-0.2001,1.3571,6.3022,right,0,right,-0.1000,0,1,0,6.7911,6.3515,0.0493,6.3022,6.3170,0
980,74,2,0,1,1.4605,1.8796,1.4171,6.7911,right,1,right,-0.1000,0,2,0,7.2709,6.8073,0.0162,6.7911,6.7960,0
981,74,3,0,2,3.7236,7.2709,1.8098,-0.2633,down,0,down,-0.1000,1,2,0,7.7703,7.2818,0.0109,7.2709,7.2742,0
982,74,4,1,2,2.6090,7.7703,3.3375,-8.3193,down,0,down,-0.1000,2,2,0,8.2876,7.7732,0.0029,7.7703,7.7712,0
983,74,5,2,2,4.7560,8.2876,2.3197,6.7507,down,0,down,-0.1000,3,2,0,8.8298,8.2883,0.0007,8.2876,8.2878,0
984,74,6,3,2,6.1272,3.0591,-7.5990,8.8298,right,0,right,-0.1000,3,3,0,9.4000,8.8300,0.0002,8.8298,8.8298,0
985,74,7,3,3,6.7030,3.4254,4.9892,9.4000,right,0,right,-0.1000,3,4,0,10.0000,9.4000,0.0000,9.4000,9.4000,0
986,74,8,3,4,1.8486,10.0000,6.3435,6.7865,down,1,up,-0.1000,2,4,0,7.4604,6.9874,5.1388,1.8486,3.3902,0
987,74,9,2,4,0.2185,7.4604,-0.0300,-0.0300,down,1,down,-0.1000,3,4,0,10.0000,9.4000,1.9396,7.4604,8.0423,0
988,74,10,3,4,3.3902,10.0000,6.3435,6.7865,down,0,down,10.0000,4,4,0,0.0000,10.0000,0.0000,10.0000,10.0000,1
989,75,1,0,0,1.4775,-0.2001,1.3571,6.3170,right,0,right,-0.1000,0,1,0,6.7960,6.3562,0.0392,6.3170,6.3288,0
990,75,2,0,1,1.4605,1.8796,1.4171,6.7960,right,0,right,-0.1000,0,2,0,7.2742,6.8104,0.0145,6.7960,6.8003,0
991,75,3,0,2,3.7236,7.2742,1.8098,-0.2633,down,0,down,-0.1000,1,2,0,7.7712,7.2826,0.0084,7.2742,7.2767,0
992,75,4,1,2,2.6090,7.7712,3.3375,-8.3193,down,0,down,-0.1000,2,2,0,8.2878,7.7734,0.0022,7.7712,7.7718,0
993,75,5,2,2,4.7560,8.2878,2.3197,6.7507,down,0,down,-0.1000,3,2,0,8.8298,8.2883,0.0006,8.2878,8.2879,0
994,75,6,3,2,6.1272,3.0591,-7.5990,8.8298,right,0,right,-0.1000,3,3,0,9.4000,8.8300,0.0002,8.8298,8.8299,0
995,75,7,3,3,6.7030,3.4254,4.9892,9.4000,right,0,right,-0.1000,3,4,0,10.0000,9.4000,0.0000,9.4000,9.4000,0
996,75,8,3,4,3.3902,10.0000,6.3435,6.7865,down,0,down,10.0000,4,4,0,0.0000,10.0000,0.0000,10.0000,10.0000,1
997,76,1,0,0,1.4775,-0.2001,1.3571,6.3288,right,0,right,-0.1000,0,1,0,6.8003,6.3603,0.0315,6.3288,6.3382,0
998,76,2,0,1,1.4605,1.8796,1.4171,6.8003,right,0,right,-0.1000,0,2,0,7.2767,6.8129,0.0125,6.8003,6.8041,0
999,76,3,0,2,3.7236,7.2767,1.8098,-0.2633,down,0,down,-0.1000,1,2,0,7.7718,7.2832,0.0065,7.2767,7.2787,0
1000,76,4,1,2,2.6090,7.7718,3.3375,-8.3193,down,0,down,-0.1000,2,2,0,8.2879,7.7735,0.0017,7.7718,7.7723,0
1001,76,5,2,2,4.7560,8.2879,2.3197,6.7507,down,0,down,-0.1000,3,2,0,8.8299,8.2884,0.0004,8.2879,8.2881,0
1002,76,6,3,2,6.1272,3.0591,-7.5990,8.8299,right,0,right,-0.1000,3,3,0,9.4000,8.8300,0.0001,8.8299,8.8299,0
1003,76,7,3,3,6.7030,3.4254,4.9892,9.4000,right,0,right,-0.1000,3,4,0,10.0000,9.4000,0.0000,9.4000,9.4000,0
1004,76,8,3,4,3.3902,10.0000,6.3435,6.7865,down,1,up,-0.1000,2,4,0,8.0423,7.5402,4.1500,3.3902,4.6352,0
1005,76,9,2,4,0.2185,8.0423,-0.0300,-0.0300,down,1,up,-0.1000,1,4,0,3.1074,2.8520,2.6335,0.2185,1.0086,0
1006,76,10,1,4,-0.1672,3.1074,-7.5990,-0.1132,down,0,down,-0.1000,2,4,0,8.0423,7.5402,4.4328,3.1074,4.4372,0
1007,76,11,2,4,1.0086,8.0423,-0.0300,-0.0300,down,0,down,-0.1000,3,4,0,10.0000,9.4000,1.3577,8.0423,8.4496,0
1008,76,12,3,4,4.6352,10.0000,6.3435,6.7865,down,0,down,10.0000,4,4,0,0.0000,10.0000,0.0000,10.0000,10.0000,1
1009,77,1,0,0,1.4775,-0.2001,1.3571,6.3382,right,1,up,-0.1000,0,0,1,6.3382,5.9213,4.4438,1.4775,2.8106,0
1010,77,2,0,0,2.8106,-0.2001,1.3571,6.3382,right,0,right,-0.1000,0,1,0,6.8041,6.3639,0.0257,6.3382,6.3459,0
1011,77,3,0,1,1.4605,1.8796,1.4171,6.8041,right,0,right,-0.1000,0,2,0,7.2787,6.8147,0.0106,6.8041,6.8073,0
1012,77,4,0,2,3.7236,7.2787,1.8098,-0.2633,down,1,right,-0.1000,0,3,0,-0.1170,-0.2111,0.0522,-0.2633,-0.2476,0
1013,77,5,0,3,-0.1929,-5.1000,-0.2418,-0.1170,right,0,right,-0.1000,0,4,0,0.5957,0.4659,0.5829,-0.1170,0.0579,0
1014,77,6,0,4,-0.1333,0.5957,-0.1773,-0.1572,down,0,down,-0.1000,1,4,0,4.4372,4.1154,3.5196,0.5957,1.6516,0
1015,77,7,1,4,-0.1672,4.4372,-7.5990,-0.1132,down,1,right,-0.1000,1,4,1,4.4372,4.1154,4.2286,-0.1132,1.1554,0
1016,77,8,1,4,-0.1672,4.4372,-7.5990,1.1554,down,1,down,-0.1000,2,4,0,8.4496,7.9271,3.4899,4.4372,5.4842,0
1017,77,9,2,4,1.0086,8.4496,-0.0300,-0.0300,down,1,left,-0.1000,2,4,1,8.4496,7.9271,7.9571,-0.0300,2.3571,0
1018,77,10,2,4,1.0086,8.4496,2.3571,-0.0300,down,1,down,-0.1000,3,4,0,10.0000,9.4000,0.9504,8.4496,8.7347,0
1019,77,11,3,4,4.6352,10.0000,6.3435,6.7865,down,0,down,10.0000,4,4,0,0.0000,10.0000,0.0000,10.0000,10.0000,1
1020,78,1,0,0,2.8106,-0.2001,1.3571,6.3459,right,0,right,-0.1000,0,1,0,6.8073,6.3669,0.0210,6.3459,6.3522,0
1021,78,2,0,1,1.4605,1.8796,1.4171,6.8073,right,1,left,-0.1000,0,0,0,6.3522,5.9346,4.5175,1.4171,2.7724,0
1022,78,3,0,0,2.8106,-0.2001,1.3571,6.3522,right,1,left,-0.1000,0,0,1,6.3522,5.9346,4.5775,1.3571,2.7303,0
1023,78,4,0,0,2.8106,-0.2001,2.7303,6.3522,right,1,left,-0.1000,0,0,1,6.3522,5.9346,3.2043,2.7303,3.6916,0
1024,78,5,0,0,2.8106,-0.2001,3.6916,6.3522,right,0,right,-0.1000,0,1,0,6.8073,6.3669,0.0147,6.3522,6.3566,0
1025,78,6,0,1,1.4605,1.8796,2.7724,6.8073,right,0,right,-0.1000,0,2,0,7.2787,6.8147,0.0074,6.8073,6.8095,0
1026,78,7,0,2,3.7236,7.2787,1.8098,-0.2476,down,1,up,-0.1000,0,2,1,7.2787,6.8147,3.0911,3.7236,4.6510,0
1027,78,8,0,2,4.6510,7.2787,1.8098,-0.2476,down,0,down,-0.1000,1,2,0,7.7723,7.2837,0.0051,7.2787,7.2802,0
1028,78,9,1,2,2.6090,7.7723,3.3375,-8.3193,down,0,down,-0.1000,2,2,0,8.2881,7.7737,0.0013,7.7723,7.7727,0
1029,78,10,2,2,4.7560,8.2881,2.3197,6.7507,down,0,down,-0.1000,3,2,0,8.8299,8.2884,0.0003,8.2881,8.2882,0
1030,78,11,3,2,6.1272,3.0591,-7.5990,8.8299,right,0,right,-0.1000,3,3,0,9.4000,8.8300,0.0001,8.8299,8.8299,0
1031,78,12,3,3,6.7030,3.4254,4.9892,9.4000,right,0,right,-0.1000,3,4,0,10.0000,9.4000,0.0000,9.4000,9.4000,0
1032,78,13,3,4,4.6352,10.0000,6.3435,6.7865,down,1,down,10.0000,4,4,0,0.0000,10.0000,0.0000,10.0000,10.0000,1
1033,79,1,0,0,2.8106,-0.2001,3.6916,6.3566,right,0,right,-0.1000,0,1,0,6.8095,6.3690,0.0124,6.3566,6.3603,0
1034,79,2,0,1,1.4605,1.8796,2.7724,6.8095,right,0,right,-0.1000,0,2,0,7.2802,6.8162,0.0067,6.8095,6.8115,0
1035,79,3,0,2,4.6510,7.2802,1.8098,-0.2476,down,0,down,-0.1000,1,2,0,7.7727,7.2841,0.0039,7.2802,7.2814,0
1036,79,4,1,2,2.6090,7.7727,3.3375,-8.3193,down,0,down,-0.1000,2,2,0,8.2882,7.7738,0.0010,7.7727,7.7730,0
1037,79,5,2,2,4.7560,8.2882,2.3197,6.7507,down,0,down,-0.1000,3,2,0,8.8299,8.2884,0.0003,8.2882,8.2883,0
1038,79,6,3,2,6.1272,3.0591,-7.5990,8.8299,right,1,left,-10.0000,3,1,0,0.0000,-10.0000,-2.4010,-7.5990,-8.3193,1
1039,80,1,0,0,2.8106,-0.2001,3.6916,6.3603,right,0,right,-0.1000,0,1,0,6.8115,6.3709,0.0106,6.3603,6.3635,0
1040,80,2,0,1,1.4605,1.8796,2.7724,6.8115,right,0,right,-0.1000,0,2,0,7.2814,6.8173,0.0058,6.8115,6.8132,0
1041,80,3,0,2,4.6510,7.2814,1.8098,-0.2476,down,1,up,-0.1000,0,2,1,7.2814,6.8173,2.1663,4.6510,5.3009,0
1042,80,4,0,2,5.3009,7.2814,1.8098,-0.2476,down,0,down,-0.1000,1,2,0,7.7730,7.2844,0.0030,7.2814,7.2823,0
1043,80,5,1,2,2.6090,7.7730,3.3375,-8.3193,down,0,down,-0.1000,2,2,0,8.2883,7.7738,0.0008,7.7730,7.7733,0
1044,80,6,2,2,4.7560,8.2883,2.3197,6.7507,down,0,down,-0.1000,3,2,0,8.8299,8.2884,0.0002,8.2883,8.2883,0
1045,80,7,3,2,6.1272,3.0591,-8.3193,8.8299,right,0,right,-0.1000,3,3,0,9.4000,8.8300,0.0001,8.8299,8.8299,0
1046,80,8,3,3,6.7030,3.4254,4.9892,9.4000,right,1,up,-0.1000,3,3,1,9.4000,8.8300,2.1270,6.7030,7.3411,0
1047,80,9,3,3,7.3411,3.4254,4.9892,9.4000,right,1,up,-0.1000,3,3,1,9.4000,8.8300,1.4889,7.3411,7.7878,0
1048,80,10,3,3,7.7878,3.4254,4.9892,9.4000,right,0,right,-0.1000,3,4,0,10.0000,9.4000,0.0000,9.4000,9.4000,0
1049,80,11,3,4,4.6352,10.0000,6.3435,6.7865,down,0,down,10.0000,4,4,0,0.0000,10.0000,0.0000,10.0000,10.0000,1
1050,81,1,0,0,2.8106,-0.2001,3.6916,6.3635,right,0,right,-0.1000,0,1,0,6.8132,6.3726,0.0091,6.3635,6.3662,0
1051,81,2,0,1,1.4605,1.8796,2.7724,6.8132,right,1,left,-0.1000,0,0,0,6.3662,5.9479,3.1756,2.7724,3.7250,0
1052,81,3,0,0,2.8106,-0.2001,3.6916,6.3662,right,1,down,-0.1000,1,0,0,0.7477,0.6104,0.8105,-0.2001,0.0430,0
1053,81,4,1,0,-0.3291,0.7477,-0.3325,-0.2829,down,0,down,-0.1000,2,0,0,3.3004,3.0353,2.2876,0.7477,1.4340,0
1054,81,5,2,0,-0.2696,-0.2530,-0.1561,3.3004,right,1,up,-0.1000,1,0,0,1.4340,1.2623,1.5319,-0.2696,0.1900,0
1055,81,6,1,0,-0.3291,1.4340,-0.3325,-0.2829,down,1,down,-0.1000,2,0,0,3.3004,3.0353,1.6013,1.4340,1.9144,0
1056,81,7,2,0,0.1900,-0.2530,-0.1561,3.3004,right,1,up,-0.1000,1,0,0,1.9144,1.7187,1.5287,0.1900,0.6486,0
1057,81,8,1,0,-0.3291,1.9144,-0.3325,-0.2829,down,1,up,-0.1000,0,0,0,6.3662,5.9479,6.2770,-0.3291,1.5540,0
1058,81,9,0,0,2.8106,0.0430,3.6916,6.3662,right,0,right,-0.1000,0,1,0,6.8132,6.3726,0.0063,6.3662,6.3681,0
1059,81,10,0,1,1.4605,1.8796,3.7250,6.8132,right,0,right,-0.1000,0,2,0,7.2823,6.8182,0.0049,6.8132,6.8147,0
1060,81,11,0,2,5.3009,7.2823,1.8098,-0.2476,down,1,down,-0.1000,1,2,0,7.7733,7.2846,0.0024,7.2823,7.2830,0
1061,81,12,1,2,2.6090,7.7733,3.3375,-8.3193,down,0,down,-0.1000,2,2,0,8.2883,7.7739,0.0006,7.7733,7.7735,0
1062,81,13,2,2,4.7560,8.2883,2.3197,6.7507,down,0,down,-0.1000,3,2,0,8.8299,8.2885,0.0001,8.2883,8.2883,0
1063,81,14,3,2,6.1272,3.0591,-8.3193,8.8299,right,0,right,-0.1000,3,3,0,9.4000,8.8300,0.0000,8.8299,8.8300,0
1064,81,15,3,3,7.7878,3.4254,4.9892,9.4000,right,1,left,-0.1000,3,2,0,8.8300,8.2885,3.2993,4.9892,5.9790,0
1065,81,16,3,2,6.1272,3.0591,-8.3193,8.8300,right,1,right,-0.1000,3,3,0,9.4000,8.8300,0.0000,8.8300,8.8300,0
1066,81,17,3,3,7.7878,3.4254,5.9790,9.4000,right,0,right,-0.1000,3,4,0,10.0000,9.4000,0.0000,9.4000,9.4000,0
1067,81,18,3,4,4.6352,10.0000,6.3435,6.7865,down,0,down,10.0000,4,4,0,0.0000,10.0000,0.0000,10.0000,10.0000,1
1068,82,1,0,0,2.8106,0.0430,3.6916,6.3681,right,0,right,-0.1000,0,1,0,6.8147,6.3740,0.0058,6.3681,6.3699,0
1069,82,2,0,1,1.4605,1.8796,3.7250,6.8147,right,0,right,-0.1000,0,2,0,7.2830,6.8188,0.0041,6.8147,6.8159,0
1070,82,3,0,2,5.3009,7.2830,1.8098,-0.2476,down,0,down,-0.1000,1,2,0,7.7735,7.2848,0.0018,7.2830,7.2835,0
1071,82,4,1,2,2.6090,7.7735,3.3375,-8.3193,down,0,down,-0.1000,2,2,0,8.2883,7.7739,0.0005,7.7735,7.7736,0
1072,82,5,2,2,4.7560,8.2883,2.3197,6.7507,down,1,right,-0.1000,2,2,1,8.2883,7.7739,1.0232,6.7507,7.0577,0
1073,82,6,2,2,4.7560,8.2883,2.3197,7.0577,down,0,down,-0.1000,3,2,0,8.8300,8.2885,0.0001,8.2883,8.2884,0
1074,82,7,3,2,6.1272,3.0591,-8.3193,8.8300,right,0,right,-0.1000,3,3,0,9.4000,8.8300,0.0000,8.8300,8.8300,0
1075,82,8,3,3,7.7878,3.4254,5.9790,9.4000,right,0,right,-0.1000,3,4,0,10.0000,9.4000,0.0000,9.4000,9.4000,0
1076,82,9,3,4,4.6352,10.0000,6.3435,6.7865,down,0,down,10.0000,4,4,0,0.0000,10.0000,0.0000,10.0000,10.0000,1
1077,83,1,0,0,2.8106,0.0430,3.6916,6.3699,right,0,right,-0.1000,0,1,0,6.8159,6.3751,0.0053,6.3699,6.3715,0
1078,83,2,0,1,1.4605,1.8796,3.7250,6.8159,right,0,right,-0.1000,0,2,0,7.2835,6.8193,0.0034,6.8159,6.8170,0
1079,83,3,0,2,5.3009,7.2835,1.8098,-0.2476,down,0,down,-0.1000,1,2,0,7.7736,7.2849,0.0014,7.2835,7.2839,0
1080,83,4,1,2,2.6090,7.7736,3.3375,-8.3193,down,1,right,-10.0000,1,3,0,0.0000,-10.0000,-1.6807,-8.3193,-8.8235,1
1081,84,1,0,0,2.8106,0.0430,3.6916,6.3715,right,0,right,-0.1000,0,1,0,6.8170,6.3761,0.0046,6.3715,6.3729,0
1082,84,2,0,1,1.4605,1.8796,3.7250,6.8170,right,1,left,-0.1000,0,0,0,6.3729,5.9542,2.2292,3.7250,4.3938,0
1083,84,3,0,0,2.8106,0.0430,3.6916,6.3729,right,0,right,-0.1000,0,1,0,6.8170,6.3761,0.0033,6.3729,6.3738,0
1084,84,4,0,1,1.4605,1.8796,4.3938,6.8170,right,1,down,-0.1000,0,1,1,6.8170,6.3761,4.4965,1.8796,3.2286,0
1085,84,5,0,1,1.4605,3.2286,4.3938,6.8170,right,1,right,-0.1000,0,2,0,7.2839,6.8197,0.0028,6.8170,6.8178,0
1086,84,6,0,2,5.3009,7.2839,1.8098,-0.2476,down,0,down,-0.1000,1,2,0,7.7736,7.2849,0.0010,7.2839,7.2842,0
1087,84,7,1,2,2.6090,7.7736,3.3375,-8.8235,down,0,down,-0.1000,2,2,0,8.2884,7.7740,0.0004,7.7736,7.7737,0
1088,84,8,2,2,4.7560,8.2884,2.3197,7.0577,down,0,down,-0.1000,3,2,0,8.8300,8.2885,0.0001,8.2884,8.2884,0
1089,84,9,3,2,6.1272,3.0591,-8.3193,8.8300,right,0,right,-0.1000,3,3,0,9.4000,8.8300,0.0000,8.8300,8.8300,0
1090,84,10,3,3,7.7878,3.4254,5.9790,9.4000,right,0,right,-0.1000,3,4,0,10.0000,9.4000,0.0000,9.4000,9.4000,0
1091,84,11,3,4,4.6352,10.0000,6.3435,6.7865,down,0,down,10.0000,4,4,0,0.0000,10.0000,0.0000,10.0000,10.0000,1
1092,85,1,0,0,2.8106,0.0430,3.6916,6.3738,right,0,right,-0.1000,0,1,0,6.8178,6.3769,0.0031,6.3738,6.3748,0
1093,85,2,0,1,1.4605,3.2286,4.3938,6.8178,right,1,right,-0.1000,0,2,0,7.2842,6.8200,0.0022,6.8178,6.8185,0
1094,85,3,0,2,5.3009,7.2842,1.8098,-0.2476,down,1,left,-0.1000,0,1,0,6.8185,6.3775,4.5678,1.8098,3.1801,0
1095,85,4,0,1,1.4605,3.2286,4.3938,6.8185,right,1,left,-0.1000,0,0,0,6.3748,5.9560,1.5622,4.3938,4.8625,0
1096,85,5,0,0,2.8106,0.0430,3.6916,6.3748,right,0,right,-0.1000,0,1,0,6.8185,6.3775,0.0028,6.3748,6.3756,0
1097,85,6,0,1,1.4605,3.2286,4.8625,6.8185,right,1,right,-0.1000,0,2,0,7.2842,6.8200,0.0016,6.8185,6.8189,0
1098,85,7,0,2,5.3009,7.2842,3.1801,-0.2476,down,0,down,-0.1000,1,2,0,7.7737,7.2850,0.0008,7.2842,7.2845,0
1099,85,8,1,2,2.6090,7.7737,3.3375,-8.8235,down,1,down,-0.1000,2,2,0,8.2884,7.7740,0.0003,7.7737,7.7738,0
1100,85,9,2,2,4.7560,8.2884,2.3197,7.0577,down,1,up,-0.1000,1,2,0,7.7738,7.2851,2.5291,4.7560,5.5147,0
1101,85,10,1,2,2.6090,7.7738,3.3375,-8.8235,down,0,down,-0.1000,2,2,0,8.2884,7.7740,0.0002,7.7738,7.7739,0
1102,85,11,2,2,5.5147,8.2884,2.3197,7.0577,down,0,down,-0.1000,3,2,0,8.8300,8.2885,0.0001,8.2884,8.2884,0
1103,85,12,3,2,6.1272,3.0591,-8.3193,8.8300,right,1,up,-0.1000,2,2,0,8.2884,7.7740,1.6468,6.1272,6.6213,0
1104,85,13,2,2,5.5147,8.2884,2.3197,7.0577,down,0,down,-0.1000,3,2,0,8.8300,8.2885,0.0000,8.2884,8.2885,0
1105,85,14,3,2,6.6213,3.0591,-8.3193,8.8300,right,1,down,-0.1000,4,2,0,6.2706,5.8570,2.7980,3.0591,3.8985,0
1106,85,15,4,2,6.2706,1.9405,-0.0715,3.2329,up,0,up,-0.1000,3,2,0,8.8300,8.2885,2.0179,6.2706,6.8759,0
1107,85,16,3,2,6.6213,3.8985,-8.3193,8.8300,right,1,left,-10.0000,3,1,0,0.0000,-10.0000,-1.6807,-8.3193,-8.8235,1
1108,86,1,0,0,2.8106,0.0430,3.6916,6.3756,right,1,right,-0.1000,0,1,0,6.8189,6.3780,0.0024,6.3756,6.3763,0
1109,86,2,0,1,1.4605,3.2286,4.8625,6.8189,right,0,right,-0.1000,0,2,0,7.2845,6.8203,0.0013,6.8189,6.8193,0
1110,86,3,0,2,5.3009,7.2845,3.1801,-0.2476,down,0,down,-0.1000,1,2,0,7.7739,7.2852,0.0007,7.2845,7.2847,0
1111,86,4,1,2,2.6090,7.7739,3.3375,-8.8235,down,1,up,-0.1000,0,2,0,7.2847,6.8204,4.2114,2.6090,3.8725,0
1112,86,5,0,2,5.3009,7.2847,3.1801,-0.2476,down,0,down,-0.1000,1,2,0,7.7739,7.2852,0.0005,7.2847,7.2848,0
1113,86,6,1,2,3.8725,7.7739,3.3375,-8.8235,down,0,down,-0.1000,2,2,0,8.2885,7.7740,0.0002,7.7739,7.7739,0
1114,86,7,2,2,5.5147,8.2885,2.3197,7.0577,down,0,down,-0.1000,3,2,0,8.8300,8.2885,0.0000,8.2885,8.2885,0
1115,86,8,3,2,6.6213,3.8985,-8.8235,8.8300,right,1,up,-0.1000,2,2,0,8.2885,7.7740,1.1528,6.6213,6.9671,0
1116,86,9,2,2,5.5147,8.2885,2.3197,7.0577,down,1,left,-0.1000,2,1,0,6.6405,6.2085,3.8888,2.3197,3.4863,0
1117,86,10,2,1,1.1049,-8.8235,-0.1771,6.6405,right,1,up,-0.1000,2,1,1,6.6405,6.2085,5.1035,1.1049,2.6360,0
1118,86,11,2,1,2.6360,-8.8235,-0.1771,6.6405,right,1,down,-10.0000,3,1,0,0.0000,-10.0000,-1.1765,-8.8235,-9.1765,1
1119,87,1,0,0,2.8106,0.0430,3.6916,6.3763,right,0,right,-0.1000,0,1,0,6.8193,6.3784,0.0021,6.3763,6.3769,0
1120,87,2,0,1,1.4605,3.2286,4.8625,6.8193,right,0,right,-0.1000,0,2,0,7.2848,6.8206,0.0013,6.8193,6.8197,0
1121,87,3,0,2,5.3009,7.2848,3.1801,-0.2476,down,0,down,-0.1000,1,2,0,7.7739,7.2852,0.0004,7.2848,7.2849,0
1122,87,4,1,2,3.8725,7.7739,3.3375,-8.8235,down,0,down,-0.1000,2,2,0,8.2885,7.7740,0.0001,7.7739,7.7739,0
1123,87,5,2,2,5.5147,8.2885,3.4863,7.0577,down,0,down,-0.1000,3,2,0,8.8300,8.2885,0.0000,8.2885,8.2885,0
1124,87,6,3,2,6.9671,3.8985,-8.8235,8.8300,right,0,right,-0.1000,3,3,0,9.4000,8.8300,0.0000,8.8300,8.8300,0
1125,87,7,3,3,7.7878,3.4254,5.9790,9.4000,right,1,right,-0.1000,3,4,0,10.0000,9.4000,0.0000,9.4000,9.4000,0
1126,87,8,3,4,4.6352,10.0000,6.3435,6.7865,down,0,down,10.0000,4,4,0,0.0000,10.0000,0.0000,10.0000,10.0000,1
1127,88,1,0,0,2.8106,0.0430,3.6916,6.3769,right,0,right,-0.1000,0,1,0,6.8197,6.3787,0.0018,6.3769,6.3775,0
1128,88,2,0,1,1.4605,3.2286,4.8625,6.8197,right,0,right,-0.1000,0,2,0,7.2849,6.8207,0.0010,6.8197,6.8200,0
1129,88,3,0,2,5.3009,7.2849,3.1801,-0.2476,down,1,down,-0.1000,1,2,0,7.7739,7.2852,0.0003,7.2849,7.2850,0
1130,88,4,1,2,3.8725,7.7739,3.3375,-8.8235,down,1,left,-0.1000,1,2,1,7.7739,7.2852,3.9478,3.3375,4.5218,0
1131,88,5,1,2,3.8725,7.7739,4.5218,-8.8235,down,1,right,-10.0000,1,3,0,0.0000,-10.0000,-1.1765,-8.8235,-9.1765,1
1132,89,1,0,0,2.8106,0.0430,3.6916,6.3775,right,0,right,-0.1000,0,1,0,6.8200,6.3790,0.0015,6.3775,6.3779,0
1133,89,2,0,1,1.4605,3.2286,4.8625,6.8200,right,0,right,-0.1000,0,2,0,7.2850,6.8208,0.0008,6.8200,6.8202,0
1134,89,3,0,2,5.3009,7.2850,3.1801,-0.2476,down,0,down,-0.1000,1,2,0,7.7739,7.2852,0.0002,7.2850,7.2851,0
1135,89,4,1,2,3.8725,7.7739,4.5218,-9.1765,down,1,down,-0.1000,2,2,0,8.2885,7.7740,0.0001,7.7739,7.7740,0
1136,89,5,2,2,5.5147,8.2885,3.4863,7.0577,down,1,right,-0.1000,2,2,1,8.2885,7.7740,0.7164,7.0577,7.2726,0
1137,89,6,2,2,5.5147,8.2885,3.4863,7.2726,down,0,down,-0.1000,3,2,0,8.8300,8.2885,0.0000,8.2885,8.2885,0
1138,89,7,3,2,6.9671,3.8985,-8.8235,8.8300,right,1,right,-0.1000,3,3,0,9.4000,8.8300,0.0000,8.8300,8.8300,0
1139,89,8,3,3,7.7878,3.4254,5.9790,9.4000,right,0,right,-0.1000,3,4,0,10.0000,9.4000,0.0000,9.4000,9.4000,0
1140,89,9,3,4,4.6352,10.0000,6.3435,6.7865,down,0,down,10.0000,4,4,0,0.0000,10.0000,0.0000,10.0000,10.0000,1
1141,90,1,0,0,2.8106,0.0430,3.6916,6.3779,right,0,right,-0.1000,0,1,0,6.8202,6.3792,0.0013,6.3779,6.3783,0
1142,90,2,0,1,1.4605,3.2286,4.8625,6.8202,right,0,right,-0.1000,0,2,0,7.2851,6.8208,0.0006,6.8202,6.8204,0
1143,90,3,0,2,5.3009,7.2851,3.1801,-0.2476,down,0,down,-0.1000,1,2,0,7.7740,7.2853,0.0002,7.2851,7.2852,0
1144,90,4,1,2,3.8725,7.7740,4.5218,-9.1765,down,0,down,-0.1000,2,2,0,8.2885,7.7741,0.0001,7.7740,7.7740,0
1145,90,5,2,2,5.5147,8.2885,3.4863,7.2726,down,1,down,-0.1000,3,2,0,8.8300,8.2885,0.0000,8.2885,8.2885,0
1146,90,6,3,2,6.9671,3.8985,-8.8235,8.8300,right,0,right,-0.1000,3,3,0,9.4000,8.8300,0.0000,8.8300,8.8300,0
1147,90,7,3,3,7.7878,3.4254,5.9790,9.4000,right,0,right,-0.1000,3,4,0,10.0000,9.4000,0.0000,9.4000,9.4000,0
1148,90,8,3,4,4.6352,10.0000,6.3435,6.7865,down,0,down,10.0000,4,4,0,0.0000,10.0000,0.0000,10.0000,10.0000,1
1149,91,1,0,0,2.8106,0.0430,3.6916,6.3783,right,0,right,-0.1000,0,1,0,6.8204,6.3794,0.0011,6.3783,6.3786,0
1150,91,2,0,1,1.4605,3.2286,4.8625,6.8204,right,1,left,-0.1000,0,0,0,6.3786,5.9597,1.0972,4.8625,5.1916,0
1151,91,3,0,0,2.8106,0.0430,3.6916,6.3786,right,0,right,-0.1000,0,1,0,6.8204,6.3794,0.0008,6.3786,6.3789,0
1152,91,4,0,1,1.4605,3.2286,5.1916,6.8204,right,0,right,-0.1000,0,2,0,7.2852,6.8209,0.0005,6.8204,6.8206,0
1153,91,5,0,2,5.3009,7.2852,3.1801,-0.2476,down,1,down,-0.1000,1,2,0,7.7740,7.2853,0.0001,7.2852,7.2852,0
1154,91,6,1,2,3.8725,7.7740,4.5218,-9.1765,down,0,down,-0.1000,2,2,0,8.2885,7.7741,0.0001,7.7740,7.7740,0
1155,91,7,2,2,5.5147,8.2885,3.4863,7.2726,down,0,down,-0.1000,3,2,0,8.8300,8.2885,0.0000,8.2885,8.2885,0
1156,91,8,3,2,6.9671,3.8985,-8.8235,8.8300,right,1,down,-0.1000,4,2,0,6.8759,6.4321,2.5337,3.8985,4.6586,0
1157,91,9,4,2,6.8759,1.9405,-0.0715,3.2329,up,0,up,-0.1000,3,2,0,8.8300,8.2885,1.4126,6.8759,7.2997,0
1158,91,10,3,2,6.9671,4.6586,-8.8235,8.8300,right,0,right,-0.1000,3,3,0,9.4000,8.8300,0.0000,8.8300,8.8300,0
1159,91,11,3,3,7.7878,3.4254,5.9790,9.4000,right,1,up,-0.1000,3,3,1,9.4000,8.8300,1.0422,7.7878,8.1004,0
1160,91,12,3,3,8.1004,3.4254,5.9790,9.4000,right,0,right,-0.1000,3,4,0,10.0000,9.4000,0.0000,9.4000,9.4000,0
1161,91,13,3,4,4.6352,10.0000,6.3435,6.7865,down,0,down,10.0000,4,4,0,0.0000,10.0000,0.0000,10.0000,10.0000,1
1162,92,1,0,0,2.8106,0.0430,3.6916,6.3789,right,0,right,-0.1000,0,1,0,6.8206,6.3795,0.0007,6.3789,6.3791,0
1163,92,2,0,1,1.4605,3.2286,5.1916,6.8206,right,0,right,-0.1000,0,2,0,7.2852,6.8209,0.0004,6.8206,6.8207,0